ESG_Rating_Score,P/E Ratio,Revenue,EBITDA,Net Income,EPS,Market Cap,Debt to Equity,Current Ratio,Quick Ratio,1Y Return,Avg Volatility (30D),EBITDA Margin
8.571,24.47,6533000192,1802000000.0,1259000064,4.37,30486065152,58.74,2.2,1.5,-28.0677694593076,1.73159215227269,0.2758303914037295
5.714,30.92,400366010368,138865999872.0,97294000128,6.42,2965204369408,146.99,0.82,0.68,8.82122885403197,1.77376242294716,0.34684762511273143
7.143,79.23,57366999040,27366000640.0,4155000064,2.34,326553698304,4789.6,0.76,0.48,19.0084421806048,1.61452462033296,0.4770338539221591
4.286,32.24,11232000000,2532000000.0,2537999872,3.94,78410735616,28.73,1.27,0.7,-13.1766029548989,2.47140662065946,0.22542735042735043
4.286,17.3,42344001536,11020999680.0,13450999808,7.7,231816298496,27.09,1.78,1.09,29.7604162549124,1.300946001043,0.2602729850798388
7.143,9.7,18172000256,4457999872.0,3726000128,9.75,35509223424,12.66,0.58,0.29,-0.627930618887205,1.6088852755045,0.24532246363622326
8.571,25.4,67221491712,11472501760.0,7683452928,12.13,192753401856,26.71,1.48,1.33,2.29980380128669,1.66017298394195,0.17066717009423332
10.0,25.33,22037000192,8664999936.0,6751000064,15.13,163353935872,50.12,1.18,1.03,-20.5291438784602,2.25385371123354,0.3932023351865114
10.0,66.09,9337626624,4111152128.0,1563862016,3.14,102919979008,21.72,1.93,1.32,1.81680219155765,2.43584981828083,0.4402780592483026
8.571,17.09,83857997824,2609999872.0,1366000000,2.84,23316236288,55.5,1.38,0.36,-20.0264528146033,1.64762731471173,0.03112404230635021
10.0,31.5,20202600448,5949100032.0,3998299904,9.77,124910624768,74.58,1.01,0.14,27.3336577909738,1.12448225854582,0.29447199370756966
10.0,56.04,6130999808,1456999936.0,1112000000,5.13,61504909312,97.63,0.68,0.56,32.0108395767169,1.76522275834336,0.2376447531606251
7.143,21.6,7596000256,3268000000.0,1210000000,4.51,26325176320,158.92,0.86,0.44,35.0291319682498,1.18575405324295,0.43022642046630283
8.571,20.21,20159000576,7971500032.0,2764199936,5.18,55919534080,171.5,0.42,0.22,17.2683647332145,1.19208441900134,0.3954313112868478
8.571,6.04,12119000064,3119000064.0,1306000000,1.84,7916583936,361.56,0.84,0.38,-39.0406269062281,2.69706316432863,0.25736447293742665
7.143,16.58,16888999936,4632249856.0,3592999936,6.43,57851453440,42.51,1.38,1.24,26.2599047288567,1.3532895298034,0.27427614859101623
5.714,20.23,27047000064,7714999808.0,2507000064,4.1,47807148032,21.11,0.64,0.23,7.39545213997094,1.50388360000653,0.28524419675913676
8.571,15.43,12071400448,1160099968.0,670400000,12.82,10069300224,39.81,0.42,0.14,13.960151525786,1.46961521044117,0.09610317982551944
7.143,51.12,11243499520,3720999936.0,1558700032,6.49,84945584128,60.05,1.44,0.57,34.0757825045572,1.32129373523674,0.33094677768083364
8.571,24.21,4019336960,1124982016.0,452671008,2.98,11567354880,100.75,1.18,1.03,-16.0664760342614,2.34756047437295,0.27989243678638975
7.143,24.65,5093670912,191592992.0,-1307299968,-11.12,7373226496,35.76,2.11,1.2,-51.4925259426964,3.59601844608098,0.037613932134609014
7.143,35.48,3980843008,810150976.0,409564000,5.49,14261367808,3.12,1.21,0.99,-28.576662745951,2.52051008965186,0.20351241542856643
7.143,13.74,65299001344,6040999936.0,3927000064,14.63,53241659392,36.67,0.44,0.24,20.7283588949297,1.61454856064236,0.0925128993041649
8.571,20.32,3820199936,922300032.0,621900032,7.12,12446601216,133.64,2.17,1.43,16.7974491350516,1.45232560314126,0.24142716283213927
10.0,21.92,27634999296,8480999936.0,6343000064,7.65,136238718976,35.37,2.68,1.84,-18.0301015271784,2.99922703518183,0.306893437743911
8.571,16.66,13461999616,1899000064.0,805000000,0.56,21378201600,241.41,1.7,1.02,-5.54539606392726,1.39047046135582,0.1410637437355874
8.571,79.71,27750000640,5878000128.0,2227000064,1.37,177056874496,8.17,2.8,1.76,-27.457490042667,3.16520920942842,0.21181981954721857
7.143,29.1,6936970752,2180838912.0,1416939008,6.11,41045667840,21.76,1.41,16.59,5.19899837393323,1.48848186068548,0.31437914184245935
7.143,24.68,34126000128,15726000128.0,5933000192,10.98,145712939008,924.46,1.17,0.74,-9.4664815037793,1.53908401411702,0.460821662926063
7.143,17.37,18082000896,2949985920.0,2993999872,29.42,48656420864,74.24,2.91,2.08,19.8054263529837,1.7490556964368,0.0
10.0,34.25,10177399808,6680600064.0,2896300032,6.19,99247595520,446.68,0.56,0.49,18.3893211740941,1.68752934086957,0.656415213122381
5.714,33.94,650313007104,126144004096.0,65943998464,6.14,2208471449600,51.64,1.05,0.81,11.4916580055437,2.03475184985801,0.19397429040785996
8.571,38.47,7436546048,3186673920.0,3028154112,2.37,114514788352,74.58,3.93,3.07,17.6880622268269,3.19208958052173,0.4285153214182047
10.0,50.63,2583095040,878038976.0,592779008,6.74,30042687488,13.93,3.66,3.56,4.11943586557314,1.52969280599257,0.3399174100849189
7.143,30.06,16357000192,5248000000.0,2548000000,11.58,75175190528,254.47,1.05,0.25,21.1067332654096,1.20944273578226,0.32084122628834655
5.714,19.77,3803200000,768899968.0,522600000,3.58,10059895808,15.94,1.61,0.95,-16.2166508645988,1.58482017671189,0.20217184686579723
7.143,8.01,9472000000,5629000192.0,804000000,2.27,6575051776,100.86,1.15,0.87,-37.0486446038262,2.9111109545155,0.5942778918918918
7.143,40.51,12020700160,4304699904.0,1547200000,6.94,62479228928,98.53,1.0,0.77,15.0295435080836,1.70276459917447,0.3581072522151655
5.714,40.59,16777400320,4452499968.0,2613100032,2.06,101329043456,69.1,1.99,1.22,32.666354886995,2.30831674758642,0.2653867633290162
5.714,19.42,24387000320,2949985920.0,3369999872,5.74,81369317376,90.49,1.79,1.68,31.7038685495106,2.52225717219394,0.0
8.571,10.88,19637000192,3104999936.0,1558000000,6.12,14492107776,91.19,1.61,1.08,-19.7606948226433,2.36773272485229,0.15811987093960303
5.714,100.39,3111841024,1971954944.0,131070000,0.76,13199060992,61.19,3.38,2.87,-33.5869049618397,1.7216323724505,0.6336939865473025
7.143,22.44,4182718976,2092520960.0,1082935040,6.98,24862359552,66.59,1.56,1.13,38.0442362314731,1.04129634669706,0.5002776834892959
7.143,25.76,2988731904,1825577984.0,1142966016,8.04,29519570944,71.14,0.49,0.04,8.66250454506525,1.28656303190714,0.6108202550910368
7.143,101.2,54528999424,28841000960.0,10396999680,2.15,1023003262976,166.03,1.0,0.81,64.0587137571538,3.92364057131594,0.5289112447441339
8.571,20.68,8752700416,1428700032.0,698800000,8.7,14047373312,159.37,1.03,0.59,-18.9570542416479,1.35847317859308,0.16322962789727452
7.143,26.02,4815000064,2601999872.0,1071000000,5.5,27857465344,137.74,0.49,0.38,8.40331902229419,1.41220523526979,0.5403945664412768
8.571,141.36,2082525952,125274000.0,377033984,4.81,52932812800,31.41,2.3,1.91,123.218201133022,3.27248089780876,0.06015483258669134
8.571,20.82,62049001472,2949985920.0,10142000128,14.31,208719478784,170.35,1.57,1.57,26.2008111861596,1.85665895774159,0.0
5.714,24.11,18672517120,4320432128.0,2606789888,149.07,60118429696,74.58,0.84,0.1,22.3222577889463,1.34109966480902,0.23137920293415695
4.286,24.65,69444001792,-7688000000.0,-11655000064,-17.97,146371411968,74.58,1.23,0.35,9.50739526214777,2.36036888599319,-0.11070790567380095
7.143,12.98,97452998656,2949985920.0,26350999552,3.35,327599095808,74.58,1.24,0.79,16.6833621924499,1.72555405351008,0.0
10.0,30.49,12017999872,1886000000.0,527000000,1.76,15151045632,126.81,1.04,0.64,-21.4809191259996,1.59362164375982,0.15693127143345006
5.714,24.65,10771000320,1955000064.0,-277000000,-0.52,16667924480,146.14,2.02,1.15,-5.59226932668329,1.96580467254423,0.1815058960094804
10.0,17.57,41528000512,2600000000.0,927000000,4.28,15923020800,144.84,1.03,0.35,5.11300310224662,2.47364364772799,0.06260835985225678
5.714,33.63,20867000320,5573000192.0,1498000000,5.17,49742077952,76.34,1.13,0.48,-25.4744589443491,1.34986978307386,0.26707241608936727
5.714,32.0,8697100288,1667100032.0,358300000,0.69,11603503104,24.12,6.58,1.64,-1.98709268177205,2.08766090006922,0.19168458184852888
10.0,10.12,51334000640,1790000000.0,1094000000,7.79,10559357952,66.08,2.04,0.79,-24.4597470159644,1.69215596603504,0.03486967658244842
8.571,12.19,9816399872,3080900096.0,1479299968,10.12,18081554432,39.0,1.44,0.87,-45.2383049918735,1.68779593976761,0.3138523426279593
8.571,14.17,18823000064,2949985920.0,4531999744,6.13,62164058112,74.58,1.24,0.79,54.0540370542235,1.47071165451431,0.0
7.143,31.96,24085999616,8499999744.0,5439000064,160.56,166981042176,74.58,1.22,1.15,38.1676223967546,1.76547614635491,0.35290209580313897
8.571,12.9,27837999104,4622000128.0,2926000128,2.93,37450350592,35.01,1.34,0.79,19.3214397744835,2.14950060250007,0.16603205247376676
7.143,14.86,16166635520,1972672000.0,915420992,7.8,12808135680,116.8,1.82,1.0,-30.7552129867004,2.61470601555121,0.12202118353936886
7.143,23.2,20955000832,8436250112.0,6305999872,41.14,147956088832,28.82,2.12,1.5,23.554178589054,1.49145413736634,0.4025888702956841
7.143,17.64,47636000768,19174000640.0,5418999808,2.68,96198230016,293.85,1.28,1.1,10.0606990246766,1.87687029042905,0.4025107131344314
10.0,35.29,6768000000,1684600064.0,788499968,6.66,27606740992,152.82,1.32,1.19,20.7255794340257,1.23809129546772,0.24890662884160755
5.714,30.52,4860000256,1667000064.0,1019000000,3.58,31403638784,59.03,1.2,0.45,25.7831493925272,1.2468450273451,0.3430041103273555
4.286,74.58,17553999872,4536000000.0,2032000000,1.37,151155408896,52.16,1.45,0.68,40.3241334910417,1.29638294257074,0.2584026451564053
4.286,44.81,12372734976,2949985920.0,2543973888,3.3,178874122240,73.1,0.94,0.82,23.9572712116026,2.18062823857696,0.0
8.571,24.65,3397133056,1891934976.0,-4434000,-0.03,11733967872,209.43,1.17,1.01,11.9217765448734,1.93410617420824,0.5569210698587368
7.143,11.79,71819001856,2949985920.0,12163999744,6.33,139386437632,74.58,1.24,0.79,21.7440797279087,2.09151159276428,0.0
8.571,33.99,11736899584,2138700032.0,329100000,0.68,11034413056,92.78,0.69,0.19,-21.3892478441001,1.50580617928754,0.1822201865742741
10.0,23.04,222286004224,3164999936.0,1556999936,6.38,35085516800,74.58,0.94,0.44,52.7588879281583,1.33418024341715,0.014238413016820418
8.571,48.89,22283999232,3232000000.0,1343000064,1.5,62870831104,81.85,1.2,0.73,15.426696571427,1.95238440176224,0.14503680270096322
8.571,16.74,63259000832,14789999616.0,9939000320,20.51,161369767936,213.55,1.32,0.69,-2.30247798644798,1.85741050413127,0.23380071486235643
5.714,13.79,56306999296,10869000192.0,8460000256,20.77,114755903488,29.87,0.38,0.18,14.0112169227202,1.25543649566983,0.19303106768064132
8.571,29.21,4332299776,1369600000.0,802099968,7.62,23277176832,36.02,1.6,0.78,21.8391436246238,1.41298946377668,0.31613694130477454
8.571,40.04,36742000640,2256000000.0,1005000000,3.27,39147151360,100.42,1.0,0.8,48.8709872201361,1.89941277422434,0.061401120263003726
10.0,24.65,6514999808,3944999936.0,-3912999936,-9.05,43721928704,74.58,0.37,0.12,6.71496049350512,1.56846827273852,0.605525717921863
4.286,14.0,25423998976,6383000064.0,2052000000,1.55,29393688576,309.25,0.26,0.15,48.4546644792417,2.97889821495829,0.25106200130142736
8.571,78.32,4874527232,1710598016.0,1081420032,3.94,84468260864,51.86,3.07,2.74,8.57238645086434,2.59689219984469,0.350925932831059
7.143,23.21,21325099008,1985799936.0,1086599936,8.07,24678639616,272.8,1.32,1.15,-14.8118286282809,1.88995303861709,0.0931203149516463
5.714,30.33,24195000320,6557000192.0,2984000000,9.49,90207682560,62.68,1.47,0.98,35.0730783539093,4.33112494158068,0.2710064106335172
5.714,12.55,6128999936,2784999936.0,1336000000,7.56,14076449792,45.17,2.59,2.12,17.276101074864,1.97750722028519,0.45439712270866633
7.143,13.24,7116000256,2949985920.0,1408000000,3.15,18091837440,74.58,1.24,0.79,20.4980868512647,2.10077132871524,0.0
8.571,40.52,6070900224,1365400064.0,577699968,2.33,23253473280,52.84,1.95,1.38,-10.9365292691534,1.2466832276769,0.22490899432051017
10.0,22.68,17359384576,803630976.0,508088000,4.19,11281819648,99.66,1.29,1.24,15.1417089478673,1.77213359130719,0.046293748057811335
5.714,11.24,55140999168,22151999488.0,5193999872,35.83,56541425664,465.63,0.36,0.3,46.2770831705969,2.44671316725769,0.4017337339228971
8.571,17.53,255368003584,11470999552.0,5033999872,17.94,83984416768,75.34,0.78,0.65,-7.66147244404202,1.69461559913885,0.04491948635306131
5.714,16.2,10968000512,1972999936.0,1447000064,9.18,23243968512,6.4,1.09,0.86,28.6743323197484,1.54295548156626,0.17988692960411123
7.143,25.21,19946999808,4861000192.0,2896000000,3.53,72119271424,1128.1,0.85,0.44,-3.90266123204145,1.24768540803309,0.24369580582491576
10.0,24.78,7018999808,1260999936.0,694000000,5.57,17008914432,1549.47,0.74,0.38,0.849576701175699,1.29411256858037,0.17965521733776915
5.714,8.61,123560001536,38270001152.0,15710000128,4.06,130474147840,113.54,0.64,0.51,-9.15256940642933,1.76048921712747,0.30972807280881903
5.714,27.5,6274100224,4419100160.0,3581299968,9.95,98513141760,14.04,1.02,0.02,36.2807835073844,1.09079836641833,0.7043400650655592
5.714,44.77,11487257600,2342904064.0,1561421952,1.13,68156203008,132.72,1.52,1.39,-20.862802756672,2.12363275308779,0.2039567793796145
10.0,16.14,33873000448,5036000256.0,2776999936,20.3,45123031040,67.79,1.34,0.68,14.8359561385667,1.82269393186147,0.14867298997415346
8.571,20.8,7785999872,2801999872.0,1010000000,3.38,21034399744,190.14,1.06,0.57,16.2144482678316,1.05834850072026,0.3598766912489361
8.571,9.13,153265995776,6483999744.0,3452999936,6.78,30816555008,65.38,1.11,1.07,-19.7278041732737,2.09542346248681,0.042305533664991415
7.143,24.82,8942999552,3361999872.0,966000000,1.48,23981228032,202.53,0.93,0.74,27.3498563455392,1.30087757431308,0.37593649115727923
7.143,16.86,28308000768,2949985920.0,4567000064,11.9,76813918208,74.58,1.24,0.79,42.5682877037178,2.37617612617424,0.0
8.571,40.8,3928499968,1106099968.0,415400000,2.07,16886367232,31.25,1.99,0.82,-9.02725920232516,1.69687604782683,0.28155784065415573
8.571,11.93,59090001920,25586999296.0,9516000256,7.89,117744787456,36.46,1.27,1.02,-21.6745492261541,1.86562896022974,0.4330174050534199
8.571,31.56,310232186880,4482921984.0,1693315968,8.65,52880736256,665.89,0.87,0.48,23.2780186977943,1.20582981659558,0.01445021559202052
7.143,58.56,264085995520,12072999936.0,7621000192,17.12,444818849792,31.43,1.0,0.44,30.0062431072945,1.34888211946657,0.045716168751120605
4.286,24.54,4045005056,2143966976.0,1017209984,14.24,24630556672,233.86,1.1,0.68,21.560985054019,1.88793252038099,0.5300282561624565
8.571,20.61,10119000064,1867000064.0,521000000,1.73,10631678976,205.5,0.93,0.45,-20.109454839579,1.53160766980441,0.1845044028255478
7.143,41.56,4506402816,1829825024.0,1454343936,1.49,59830140928,1.43,7.89,6.45,13.4456862650144,1.50269868084224,0.406050035630015
4.286,108.9,1562268032,886947968.0,117999000,1.09,12681670656,79.75,0.04,0.03,15.1816369703666,1.3134504439642,0.5677309845894613
7.143,675.57,4022597120,888742016.0,-31563000,-0.61,6968044032,92.21,1.43,0.94,-37.8880115395216,2.82371881998877,0.22093736695162752
8.571,44.9,37895000064,11143000064.0,6197000192,6.36,274409553920,19.73,1.06,0.93,3.65867363236643,2.14116878427863,0.2940493480717995
4.286,24.65,3953624064,101526000.0,-19271000,-0.08,104862646272,23.77,1.77,1.58,31.9036341332588,3.20020991691647,0.025679224518196375
8.571,26.9,54175997952,14588999680.0,9187000320,2.28,243988529152,71.21,0.87,0.66,29.7695895087183,1.33941909243183,0.26928898832515963
5.714,265.88,2812000000,183200000.0,117200000,0.28,31407378432,13.08,6.01,5.77,-15.9573287921009,1.88605884329006,0.06514935988620199
8.571,18.0,14282000384,6789000192.0,3236000000,1.68,56816746496,162.01,0.88,0.73,-11.103778973095,1.56387193402567,0.47535359259657056
7.143,49.94,10143464448,2664393984.0,1772107008,4.3,86717292544,58.62,1.72,0.85,25.4406260644998,1.51624431949344,0.2626710033498803
5.714,14.03,5801999872,3574000128.0,1284000000,1.71,18310631424,31.77,0.9,0.83,-11.3836221379372,1.75201890761527,0.6159945203114958
5.714,17.1,20091000832,3595000064.0,2356999936,4.75,40046608384,7.91,2.22,1.83,21.5770587302415,1.48329809857015,0.17893583769475802
5.714,55.55,16833000448,3328000000.0,1142000000,1.66,46287855616,16.65,1.44,0.9,19.6152484012448,1.62570568443686,0.19770688002300943
5.714,15.54,376741003264,13946999808.0,5280000000,4.19,82384429056,105.32,0.82,0.59,20.658320771331,2.3421624059201,0.037020127055898626
7.143,16.24,195112992768,38499999744.0,15660000256,8.75,247981834240,19.78,1.08,0.68,-9.97837831457283,1.48078412076814,0.19732155812800536
8.571,24.65,11297000448,3628000000.0,-235000000,-1.1,6234880512,606.8,0.84,0.62,-17.3145867311431,2.93893136918832,0.3211471944875681
8.571,21.28,14903000064,7336000000.0,2182000128,2.59,46992789504,145.2,0.73,0.32,8.96731101213319,1.45943139954456,0.4922498804600421
8.571,9.1,61935001600,7950000128.0,3660000000,5.64,33525975040,151.36,0.38,0.25,-2.24199170394507,2.70088200540482,0.1283603765661322
5.714,237.55,11240999936,530000000.0,339000000,0.79,80528121856,6.28,1.72,1.44,63.110453868095,2.21624306862308,0.047148830443690525
8.571,534.14,1810300032,233500000.0,25900000,0.16,9393807360,47.5,1.02,0.14,-5.00403796663123,2.36696314383698,0.12898414399409347
7.143,2385.33,12520999936,3177999872.0,13000000,0.03,29947787264,33.11,1.4,0.87,-7.54773072082614,1.70039299217866,0.2538135842380057
8.571,22.25,47855001600,10081000448.0,6217999872,22.56,136366538752,289.67,2.21,1.9,24.9764942598625,1.77294684832368,0.21065719592411422
10.0,20.28,4923590144,1226205056.0,942225024,6.16,18962642944,9.77,3.17,2.49,-11.8765205290593,2.84951956983685,0.24904693935466615
7.143,16.01,95567003648,9728000000.0,4592000000,6.38,71267016704,74.58,0.78,0.41,-20.6796962562023,3.43514784412999,0.10179245585464775
8.571,10.84,13342999552,2949985920.0,4702000128,18.73,51114500096,76.67,1.04,1.03,66.612574160763,2.66652973531239,0.0
7.143,17.2,40612306944,2912476928.0,1125252992,5.11,19334440960,235.56,1.19,0.15,-34.6021172508092,2.61515602179901,0.07171414645358591
10.0,22.1,10158000128,1975000064.0,892000000,7.91,19517147136,93.37,1.44,1.1,26.7033414715762,1.35628095365352,0.19442804086564391
7.143,9.51,35315298304,5640000000.0,4292199936,13.19,38526640128,26.6,6.94,0.59,-13.723980556334,2.09998456576528,0.15970415856182033
7.143,38.19,23819999232,7464000000.0,3764999936,5.16,141015613440,34.56,1.43,0.95,-21.3161909085231,1.69058788010267,0.31335013604756107
5.714,35.72,94039998464,19192000512.0,8910000128,3.08,198893043712,39.43,0.67,0.54,4.90156354206554,1.58129282270605,0.20408337755712536
10.0,158.99,5519691776,2488730112.0,390232000,1.07,57283956736,79.55,1.66,1.36,20.3106357101305,1.79152500478026,0.45088208055768075
7.143,18.35,17578500096,2040999936.0,1042499968,4.83,18625880064,196.88,1.06,0.15,-26.2627251258564,2.8683536496478,0.1161077409820893
8.571,42.65,2796777984,1608579968.0,278271008,0.41,12215230464,103.85,1.68,0.66,-6.19788132228671,1.42315638323892,0.5751546877165349
8.571,24.45,7728248832,1666148992.0,1037107008,7.52,25238790144,41.65,2.13,1.49,0.984896539866709,1.63532999152068,0.2155920478519085
8.571,78.72,42630000640,4520999936.0,281000000,0.4,22259085312,103.62,1.54,0.6,-43.7316111310917,1.88595509792895,0.1060520729093754
5.714,27.84,4733825024,935030976.0,607996992,17.43,16634520576,74.58,0.6,0.36,-3.45645161828328,1.96649321188383,0.1975212373206636
5.714,23.09,11762299904,1855299968.0,1057000000,8.89,23963998208,357.83,0.39,0.13,42.0864863972075,1.92239113000207,0.1577327549154795
8.571,17.99,13656999936,3460999936.0,1532999936,7.4,27628679168,196.5,0.87,0.46,19.5022696693722,1.15593987543334,0.25342314946321165
8.571,19.42,30512001024,14897999872.0,4643999744,6.03,91032346624,168.9,0.77,0.3,18.2330105955777,1.10891600584692,0.48826689079754537
8.571,13.41,12815550464,2678688000.0,936342016,10.73,11060627456,576.99,1.26,1.14,5.35178106346132,1.94296885751282,0.20901856752268805
7.143,7.72,15943000064,7759000064.0,2788999936,4.39,21789552640,60.63,1.08,0.89,-29.8939053973804,2.25408295274865,0.4866712684471579
7.143,64.43,4148000000,857800000.0,535200000,1.33,33601609728,113.97,1.5,1.27,-31.4165651958186,3.16230690243491,0.20679845708775313
8.571,35.52,7463000064,1972999936.0,1120999936,4.25,39345500160,29.5,0.95,0.85,19.9033934920399,1.60614722271305,0.26437088557956095
7.143,16.54,10311999488,2516000000.0,2047000064,4.16,31710674944,145.01,1.17,1.07,34.813294478561,1.81283853980336,0.24398759939116088
10.0,34.65,15684500480,3648699904.0,2102800000,7.35,72241324032,103.92,1.32,0.91,10.9857333095386,1.25096478954206,0.2326309281352389
7.143,19.36,15774000128,5599000064.0,1891000064,5.41,37733801984,110.23,1.28,0.88,10.9982382978854,1.19199966840542,0.3549511866721344
5.714,55.95,5733700096,1778300032.0,612300032,4.9,34050398208,97.1,0.85,0.7,12.7046397439113,1.9462820366327,0.31014876994361723
7.143,17.63,17401999360,2949985920.0,841000000,19.8,14849714176,25.37,0.4,0.28,-6.45134489698657,1.60466019976163,0.0
7.143,7.99,17332000768,6406000128.0,2729999872,7.07,21739165696,210.46,0.96,0.51,-20.5449010798198,1.68137466153873,0.3696053452655836
7.143,24.65,14785999872,2151000064.0,-871000000,-2.42,23481012224,215.93,1.41,0.89,-50.454293687204,2.98414483459474,0.14547545533753944
10.0,16.11,183124000768,9834999808.0,5917000192,25.71,93575503872,70.4,1.43,1.3,-22.0196550472328,1.66924767225858,0.05370677664726194
5.714,10.46,9361999872,1923000064.0,922000000,7.85,9482729472,86.0,1.72,0.74,-15.9100378715386,1.80891898291523,0.2054048376727002
5.714,33.44,17607000064,4853000192.0,1972000000,3.46,66943389696,77.86,0.8,0.55,5.26531843204438,1.90264837842361,0.27562902109159665
8.571,46.7,1423128064,225983008.0,148484992,1.09,6679092224,152.29,1.9,1.5,-54.0485653184442,3.95910629345995,0.15879316395801185
7.143,10.6,23478999040,12144000000.0,6077000192,10.8,62498070528,17.15,1.87,1.61,-8.78325488158822,1.70956130561154,0.5172281824838816
7.143,23.47,4864166912,690411008.0,411772000,7.15,10406726656,4.34,3.06,2.9,-3.63884353868853,2.42791443478063,0.14193818191081023
10.0,90.44,8814000128,3664999936.0,927000000,9.59,84932329472,141.24,1.44,1.25,14.0680641026319,1.49115534755441,0.41581573437435737
5.714,27.07,3010099968,1840765952.0,995214016,2.62,27770882048,70.33,0.2,0.07,10.3262224231061,1.36441077349498,0.6115298400614447
8.571,90.11,6155850752,2947750912.0,369228000,0.61,32906471424,34.39,0.57,0.52,40.2776025531397,2.31308361304814,0.47885353800078617
2.857,29.93,3903813120,778619776.0,614179008,11.76,18401861632,0.62,1.38,1.25,-11.5053622998001,1.97227478776024,0.1994510884783337
8.571,27.28,12686588928,4379497984.0,840593024,2.28,22850426880,189.94,0.75,0.33,6.38524335265835,1.48410840522591,0.3452068959477521
4.286,27.33,1861154048,1182027008.0,671900992,10.46,19741280256,118.42,0.38,0.12,13.5663087998766,1.44577781830292,0.6351043371558677
7.143,32.45,25312000000,5792000000.0,3936999936,9.91,125826424832,58.0,1.31,0.78,-0.804895175533687,2.32898485981738,0.22882427307206069
5.714,26.79,11931898880,5390584832.0,1341069056,3.09,35655163904,199.49,0.82,0.46,52.8551887363013,1.61022089539365,0.45177929231663083
7.143,17.48,5890800128,2667300096.0,875800000,3.8,15241558016,144.48,0.55,0.07,24.1322979520906,0.961334320587539,0.45279079888008045
10.0,30.74,5522299904,1686000000.0,1440300032,2.42,43643039744,6.86,4.45,3.33,-12.1605617396389,2.2610898551894,0.3053075764282142
8.571,16.33,23698999296,7647000064.0,2710000128,2.69,44354138112,174.86,1.09,0.65,18.6714151868498,1.19385304026536,0.3226718549795766
4.286,24.65,6568000000,1226000000.0,-989000000,-5.81,26397822976,30.91,0.59,0.48,29.0226802820949,1.66883401522471,0.1866626065773447
10.0,19.19,11060255744,1152937984.0,844716032,6.02,15796079616,25.72,1.83,1.62,-0.57944846292057,1.43835433740883,0.10424153027613753
4.286,18.68,13690999808,1831000064.0,1234000000,8.94,21302079488,235.58,0.72,0.57,48.5226559384426,2.52380607836632,0.13373749833303628
4.286,34.38,3363286016,2265201920.0,910886976,4.3,32751738880,89.65,4.02,0.58,4.13452749846526,1.55552228264756,0.67350855955273
4.286,8.43,182873997312,10131000320.0,5017999872,1.25,41892954112,353.3,1.13,0.92,-9.17389275664387,2.32987956982994,0.055398801737327225
8.571,8.94,12375000064,9212999680.0,3948000000,16.08,42295021568,33.32,0.86,0.72,-25.9011833703157,2.24036538848423,0.7444848187759977
5.714,39.66,7610299904,1690899968.0,1151600000,2.0,45493878784,13.44,4.28,1.92,20.3545527874796,1.55588183191569,0.22218572057998098
5.714,32.34,24861999104,9075999744.0,1762000000,1.22,55237001216,32.19,2.32,0.96,-23.0941874421601,2.60135260251324,0.36505510703440497
8.571,32.39,2254222080,852484992.0,542513024,14.09,17320574976,80.86,1.47,1.17,4.71645404991228,1.34322863798394,0.3781725853736647
7.143,14.71,87814995968,10992000000.0,3912999936,15.88,56000278528,74.58,1.24,1.11,-10.5929173611191,2.1859783153571,0.1251722428365824
7.143,22.27,13763999744,4570999808.0,1084999936,1.88,24162635776,178.8,0.42,0.28,9.94059116717359,1.17058530758033,0.33209821948686025
8.571,26.46,2939781120,824787008.0,621350016,10.54,16015949824,7.14,1.53,1.08,62.7012864922321,1.86769327091495,0.28056068609624923
7.143,33.03,20703000576,9162000384.0,3247000064,5.65,103479558144,107.14,1.1,0.24,21.8117725510301,1.54004847129579,0.44254456499513745
8.571,91.37,1840360960,827203968.0,577089984,23.25,51712724992,74.58,2.11,1.86,59.4297992888659,2.00811865911416,0.4494791978199755
8.571,49.92,10190999552,2700999936.0,865000000,1.57,41175207936,80.22,0.63,0.45,5.4720087793054,1.51976446380216,0.26503778380305437
7.143,12.44,7906999808,2949985920.0,2152999936,3.15,26155673600,74.58,1.24,0.79,6.41768669017596,1.69551027433536,0.0
5.714,10.54,15180999680,3380999936.0,2184999936,4.66,23052204032,68.77,2.5,2.07,61.6987116572702,1.4786137232284,0.22271260175667168
5.714,11.35,15180999680,3380999936.0,2184999936,4.66,23130314752,68.77,2.5,2.07,61.2639915582874,1.50288161488284,0.22271260175667168
8.571,28.48,1223587968,761038016.0,292936992,3.48,8415525888,133.51,0.37,0.36,-0.880544029180994,1.35351358817292,0.6219724579704269
8.571,12.67,4256749056,1831742976.0,1264962944,11.77,15998659584,7.7,1.93,1.19,-21.2936594069745,3.46891178180391,0.4303150014018585
5.714,44.28,6142199808,2056199936.0,1879299968,2.43,76951232512,54.84,1.36,1.26,67.8182087914344,2.37425875364292,0.33476604478445515
8.571,32.24,6181499904,1679399936.0,797400000,2.28,24984725504,39.34,0.99,0.72,-3.91930265006378,1.54970455635021,0.27168162453796585
7.143,18.95,49208000512,5907999744.0,3976999936,14.42,73359343616,51.78,1.34,0.73,-4.94204438125394,1.35545381228338,0.12006177212096351
8.571,35.74,4658999808,1113699968.0,754899968,5.2,26482819072,1945.77,0.56,0.33,39.1480051050739,1.85594775074754,0.23904271601120444
5.714,34.22,39680999424,9761000448.0,6896999936,6.34,231337312256,106.4,1.08,0.73,37.1735642712196,2.11718336697884,0.2459867591464019
7.143,15.62,19798999040,3656000000.0,2183000064,4.76,34043979776,97.52,0.98,0.67,-8.16807006408772,1.77756433621719,0.18465579964996048
7.143,28.11,3935000064,2104999936.0,643000000,1.03,17841913856,363.99,0.51,0.41,22.8891662015925,1.56960091329362,0.5349427958738656
7.143,59.27,35706998784,2408999936.0,1936000000,6.95,112596606976,10.47,1.04,0.69,155.782127186135,3.52727469410012,0.06746576352083257
10.0,21.54,28735000576,13724000256.0,5965000192,4.76,127668518912,130.79,1.37,1.06,57.5209038523001,1.5536922747703,0.4776057066608357
10.0,11.94,19644299264,4205700096.0,2558700032,4.55,29751164928,149.14,0.67,0.29,-20.0896961527675,1.34740930145737,0.21409265046716813
5.714,9.83,5842352128,1511332992.0,1071107968,12.28,10051567616,58.65,0.64,0.5,43.1635780148377,1.59684085940135,0.2586857072097384
5.714,89.56,13594999808,2912999936.0,454000000,0.52,39885852672,73.27,1.69,0.75,39.4621600810092,2.07751196995217,0.2142699505067915
5.714,6.88,188447997952,18460999680.0,7580000256,7.16,47393361920,201.97,1.21,0.96,10.2194233141727,2.3923654767279,0.09796336326535154
7.143,22.2,4348682240,729518016.0,345550016,5.73,7515179520,57.43,1.97,0.77,-9.18826993860753,2.36156479844649,0.16775610995205756
5.714,17.7,359713013760,135705001984.0,110995996672,8.95,1912788877312,8.25,1.77,1.6,-6.85217699275089,1.85926080963942,0.3772590837498645
5.714,17.5,359713013760,135705001984.0,110995996672,8.96,1910825680896,8.25,1.77,1.6,-6.84954652436567,1.87202714432121,0.3772590837498645
8.571,19.88,23569006592,1902893056.0,849574016,6.09,16806067200,136.68,1.15,0.44,-20.7502729289258,1.91812294707204,0.08073709210323259
5.714,13.45,10097805312,4423721984.0,1562791936,6.18,20271306752,73.57,0.94,0.56,-23.2566045308921,2.12484772556578,0.4380874702290953
7.143,26.02,6450353152,1809616000.0,1468243968,7.58,38019145728,2.18,4.1,2.62,18.4595589436756,2.25044386498333,0.2805452596713886
8.571,13.74,53043998720,2949985920.0,14126999552,43.1,181767241728,593.34,1.54,1.41,33.4884987556278,2.04761216841906,0.0
10.0,27.09,17238999040,2916999936.0,1910000000,38.99,50662621184,69.64,2.74,1.5,11.7451517992174,1.41185508482724,0.1692093566007879
7.143,8.87,22556999680,4727000064.0,2099000064,2.39,18230257664,82.37,1.98,1.2,-41.8792232542349,2.24923632134124,0.20955801441054062
8.571,21.64,4265299968,975000000.0,426000000,3.03,9186855936,280.61,1.66,1.2,11.1237267703398,2.00039541590005,0.22858884657933629
8.571,12.23,7104000000,2949985920.0,1918000000,1.3,23163424768,74.58,1.24,0.79,18.8903980343125,1.96456209534045,0.0
7.143,16.09,71584997376,14218999808.0,5778999808,22.53,87215947776,74.58,1.19,0.9,15.2151913908313,1.7214716663233,0.19863100271296713
8.571,25.18,159514001408,25287000064.0,14805999616,14.91,373100707840,950.08,1.1,0.23,12.8326043055523,1.43145775296488,0.15852526951111764
10.0,18.61,12270000128,6723999744.0,2227000064,7.21,41555804160,76.69,1.08,0.87,-14.6477279347749,1.68447748974606,0.5480032334030632
8.571,12.67,26946000896,4153999872.0,2967000064,10.04,36115173376,25.92,1.79,1.0,28.6361728725227,1.4405818515969,0.15416016231991742
8.571,16.5,11463999488,1000000000.0,546000000,13.88,8985950208,71.36,1.06,0.95,-7.59132855176578,2.54798990129971,0.08722959217215205
7.143,39.79,4759000064,2516000000.0,1570000000,6.32,59863556096,74.58,0.57,0.48,22.5182702007736,1.47206009585679,0.5286824892129273
8.571,24.53,4026500096,1252300032.0,556700032,2.38,13007462400,54.8,3.24,2.29,-22.7603557395772,1.38604630267015,0.3110145292791768
8.571,24.96,39215001600,9765999616.0,5690999808,8.69,139503140864,188.51,1.25,0.84,8.66991898761857,1.42032067143357,0.24903733820069512
10.0,8.51,31225999360,5056999936.0,2764999936,2.08,23263500288,70.88,1.33,0.83,4.73289678928859,2.87355408883217,0.16194837762271702
8.571,10.15,53878001664,4934000128.0,2718000128,2.78,26612504576,74.58,0.72,0.36,-2.4150360748515,2.18352591262587,0.09157726670654866
8.571,21.21,11912698880,1317444992.0,756750016,1.38,16093204480,35.55,2.45,1.26,-14.5256247289109,1.40290929841778,0.11059164722209448
7.143,21.75,12668999680,1029000000.0,407000000,3.21,8500097024,68.32,1.38,0.58,-4.50813459575318,1.80172249195561,0.08122188223151017
7.143,16.29,5816000000,1572999936.0,677000000,0.96,10993156096,83.17,2.09,2.08,-10.6105423217691,1.73238731991071,0.27046078679504815
7.143,20.66,10754932736,2778831872.0,1647988992,8.13,34035951616,134.28,1.59,0.79,-17.3508753728556,1.61602663492753,0.2583774292421572
8.571,25.31,5594599936,1305600000.0,798200000,14.8,19989104640,61.44,1.17,0.65,-5.65178096013183,2.08916781629162,0.23336789313544223
8.571,17.67,120262000640,4096999936.0,1710000000,14.17,30223941632,77.08,1.91,1.47,-25.3672241670214,2.6062758636701,0.03406728571117175
7.143,51.53,7548000256,2008000000.0,1254000000,3.05,63651311616,72.68,2.3,0.93,97.1376198668065,2.32709844238456,0.2660307275962021
8.571,42.91,62832001024,13950000128.0,5494000128,5.86,233320464384,247.98,1.01,0.85,54.3452808568883,1.65036813031461,0.2220206248512045
8.571,35.81,9461999616,5800000000.0,2784000000,4.83,99420856320,73.53,1.0,0.03,31.1346220939562,1.09930233141522,0.612978253581024
10.0,46.83,3931835904,1341507968.0,894964992,10.82,40674181120,73.16,1.16,0.68,0.544714089260308,1.89846794658798,0.3411912401113269
8.571,30.22,3282599936,884700032.0,479100000,6.29,14381047808,50.34,2.79,1.84,-14.4480507791678,1.64933549567248,0.2695119872201204
8.571,24.65,11427999744,1763000064.0,-835000000,-3.26,19583281152,75.01,1.87,0.54,-19.2596088124413,1.51597257291179,0.15427022256678133
8.571,304.35,4413225984,303279008.0,21270000,0.2,11782605824,1.18,2.04,1.88,5.6770842784533,2.13766631914033,0.06872048000703515
10.0,24.65,53043998720,8114999808.0,-19196000256,-4.48,96148504576,47.13,1.31,0.75,-27.2955523537491,3.81772877791208,0.1529862002077961
10.0,61.93,17166999552,4713999872.0,3036999936,10.66,185434865664,74.58,1.27,0.5,6.44435853437774,2.03008585768305,0.27459660948443415
5.714,44.11,2618856960,1439789952.0,476523008,0.78,21088509952,83.4,2.41,0.72,2.37564033187395,1.40897720313869,0.5497780039120579
8.571,40.32,19900999680,1959000064.0,396000000,1.17,24905189376,57.09,1.33,0.87,23.9670816458776,1.98426907259433,0.09843726925782254
8.571,19.6,9000999936,1664800000.0,493700000,1.31,9494795264,113.87,1.07,0.98,-14.5583486009142,1.65096781892889,0.18495722828988587
8.571,21.06,15496999936,2926000128.0,1334000000,7.33,26710335488,246.15,0.82,0.72,-32.590373385324,1.93107597139156,0.18881074660152855
8.571,41.33,7281699840,1947399936.0,822899968,2.02,33681092608,46.11,2.38,1.63,-8.02164799579427,1.92898856896637,0.26743754601123465
8.571,238.29,6265574912,2090653952.0,122047000,0.41,28825798656,74.58,0.62,0.52,28.3073082980262,2.01231739996214,0.33367312359412105
7.143,81.5,8714900480,2966099968.0,2476100096,6.81,198932742144,74.58,4.98,3.81,45.7230682056004,2.00554412148136,0.3403481169758579
8.571,27.55,6328614912,1313431040.0,1254109056,16.03,33992429568,192.54,1.09,0.96,0.354472396913112,1.4573704756833,0.20753846746300497
7.143,21.99,15763999744,4519000064.0,3368999936,11.37,73359106048,254.87,1.6,1.06,2.29623159044084,1.28051827442594,0.28666582957285286
8.571,12.46,6120900096,1272400000.0,567600000,1.25,6970684416,6.11,0.66,0.66,2.16360192832295,2.20015232322395,0.20787792318837417
8.571,41.82,11686905856,1310900992.0,380030016,3.03,15223764992,66.36,1.5,1.44,10.1398526496422,1.42860317938755,0.1121683538955685
8.571,27.03,12064594944,1573156992.0,561132992,5.52,14748252160,49.66,0.89,0.66,-11.2762700363603,1.92442891139032,0.1303945138068947
7.143,36.25,27451000832,1986000000.0,484000000,4.43,17276803072,242.49,1.02,0.52,36.9170807653567,2.47612818556465,0.07234708898791381
8.571,44.43,23247998976,4113999872.0,2224000000,2.13,62468952064,58.63,0.96,0.56,46.0595453803042,1.91559210119184,0.17696146133897697
7.143,30.76,2319827968,606638016.0,429216992,5.86,13164230656,10.41,1.24,0.79,9.06305249436591,1.27485429968243,0.2615012942201066
7.143,17.2,89330999296,30025000960.0,21809999872,9.0,372531822592,66.9,1.26,0.96,5.67191998920259,1.12617050138747,0.33610953864415616
8.571,34.89,5204899840,604400000.0,352800000,1.05,12244567040,40.66,1.49,0.99,8.7622725651472,0.822900038935299,0.11612135076166999
7.143,12.74,168713994240,2949985920.0,58242998272,20.38,721646321664,74.58,1.24,0.79,33.7156851992856,1.72913566174066,0.0
10.0,20.74,12632000512,2372999936.0,1380000000,3.97,28570427392,155.53,0.8,0.44,35.8428188125642,0.795420786758798,0.18785622544471284
8.571,30.23,15518000128,4167000064.0,1504000000,1.1,45166608384,76.42,0.47,0.24,0.0643922247622716,1.17399568535955,0.2685268739288929
7.143,24.65,4464000000,2949985920.0,-118000000,-0.19,18006294528,74.58,1.24,0.79,16.0057159471612,2.29279262705445,0.0
10.0,46.0,5017999872,1116000000.0,611000000,3.5,27821707264,38.94,2.95,1.99,7.5378985353255,2.21618641376294,0.22239936796873636
8.571,12.75,25433999360,6368999936.0,2655000064,2.19,33038518272,43.55,1.31,0.7,-19.7130407234347,1.36744455206995,0.25041283700024436
5.714,28.18,2069884032,1256643968.0,515387008,0.76,14490544128,75.54,1.79,1.78,16.9430230402845,1.40653253111982,0.6071083928242025
5.714,37.97,20308705280,2949985920.0,2194629888,3.28,114927878144,74.63,0.88,0.82,24.7482541312137,2.66259643730002,0.0
7.143,27.28,11550155776,5036264960.0,3695239936,27.5,99190005760,152.05,2.54,1.61,5.96735030555465,2.98477602019502,0.43603437543802004
8.571,18.45,19748999168,3860000000.0,2464999936,7.34,44884750336,595.1,0.76,0.4,2.78454533512365,1.1848773200158,0.19545294255997003
10.0,23.34,15498999808,6575000064.0,2568999936,1.16,60192829440,103.99,0.45,0.27,48.1224204916767,1.55874126701104,0.4242209268630504
8.571,21.33,28207319040,1083725952.0,500556000,3.21,10454274048,311.17,2.31,0.2,-8.58477993882835,2.2098914132277,0.03842002674778127
8.571,27.78,46890000384,15388000256.0,10784000000,2.49,297769828352,180.05,1.1,0.75,12.0622417097635,1.02375211256477,0.3281723209635707
7.143,18.68,147122995200,7923999744.0,2644999936,3.67,45310894080,229.2,0.96,0.39,26.9246186384061,1.48156436378049,0.05385969564600055
8.571,44.71,15454999552,3564999936.0,1030000000,0.54,46326771712,90.18,0.96,0.56,21.9835580069099,1.62901461955679,0.23066968873115629
4.286,14.48,17773000704,2758000128.0,1327000064,6.1,18551894016,49.61,0.49,0.49,14.7483913767661,1.30129733529989,0.15517920546637254
8.571,15.6,16931999744,2220000000.0,1332999936,9.92,19919265792,133.33,1.54,1.27,7.07154762298156,1.79675294184179,0.13111268802060289
4.286,8.1,35760066560,4984000000.0,3695984896,13.7,29111433216,16.9,8.67,3.16,-28.4217743170864,2.02385870596736,0.13937334237444998
8.571,28.61,13177400320,1717299968.0,730800000,8.67,20785221632,79.13,1.84,1.28,19.5453157816178,1.428351275528,0.13032160565036247
7.143,25.74,21245999104,3967000064.0,1604999936,8.42,40610279424,64.05,1.02,0.79,0.501569465065989,1.36849940800129,0.18671751065136447
10.0,26.14,5366799872,1119200000.0,802899968,22.43,20801546240,174.76,1.43,0.68,21.7246344144532,2.05667922969659,0.20854140767185292
7.143,32.99,33016999936,12823000064.0,6610999808,13.76,213671051264,60.56,0.94,0.73,5.71551224476959,1.05679115437605,0.38837568794427246
10.0,15.38,14115000320,1724000000.0,701000000,2.69,10683454464,94.46,1.52,0.46,-4.34164739699635,1.74251567080835,0.12213956506661985
7.143,61.17,49003200512,22003300352.0,11106400256,12.27,673802485760,243.61,1.37,0.57,-0.299075192179809,2.13902433376381,0.44901761766788656
8.571,20.29,71810998272,8689000448.0,5503000064,23.2,110265622528,303.82,1.08,0.87,2.63675111084518,1.40713758180062,0.12099818491714172
8.571,22.04,4078000128,1759000064.0,745000000,2.9,15228715008,149.85,0.34,0.13,19.4166634010205,1.16562253832294,0.4313388937686664
8.571,18.88,83673997312,12615000064.0,6940000256,12.22,129224916992,74.58,1.08,0.09,0.968610413672998,1.51311212543894,0.15076368369210008
10.0,22.75,17135705088,5667103232.0,4658411008,3.59,104465727488,47.15,2.45,1.58,-8.91506079363315,3.20700303590917,0.3307189988913049
8.571,20.46,10588126208,2952220928.0,1814616064,14.64,35990327296,36.44,2.16,1.14,-13.7198998676042,2.6440143822881,0.2788237380254695
2.857,35.38,27581999104,1891000064.0,547000000,0.89,17942231040,85.37,0.77,0.67,15.2079565700719,2.33660191320836,0.06855920982630165
5.714,23.44,11201000448,3688999936.0,1304000000,1.79,29643042816,456.68,0.6,0.56,-8.64226238096306,2.16227071071023,0.3293455752569576
8.571,19.88,6387400192,1227500032.0,367000000,2.55,7153169920,261.31,1.35,0.48,-38.9952278097837,2.92069383523768,0.19217521919753858
8.571,21.03,39674998784,3550000128.0,939000000,2.89,19534692352,103.88,1.83,0.91,-36.2419977927153,1.63396113444152,0.08947700659871556
5.714,47.21,22738212864,1968067968.0,692904000,2.95,32281204736,393.22,0.96,0.78,45.7056220474904,1.74616917051739,0.08655332676192506
8.571,40.21,29069000704,17977999360.0,13143000064,14.27,521057435648,280.8,1.11,0.66,26.0870369930758,1.24731411352565,0.6184594903369404
4.286,33.89,2196687872,1246050048.0,561670016,4.81,19581636608,82.63,0.06,0.04,24.6702743248535,1.2773052170932,0.5672403730556036
5.714,30.74,6681999872,4337999872.0,2476000000,8.8,73917685760,74.58,0.45,0.41,14.7736746408173,1.64347415522762,0.649206817584327
5.714,18.6,7703000064,1487000064.0,793000000,3.66,14363039744,74.58,1.74,1.02,-2.29185777889302,1.67655151626777,0.1930416787803885
7.143,27.24,25706999808,13876249600.0,8161999872,11.33,220660482048,74.58,1.24,0.79,16.5006439285795,1.24136569482267,0.5397848719663397
7.143,108.08,4401600000,1150199808.0,-2700000,-0.01,33132339200,79.54,2.59,1.26,-31.797255386847,3.21214221430963,0.2613140239912759
8.571,30.83,344583012352,6313999872.0,2825999872,21.82,84305543168,74.58,0.88,0.46,21.9348789365668,1.66491045420715,0.0183235958990053
8.571,41.53,7225999872,3320000000.0,2106000000,11.58,86390030336,188.39,1.56,1.4,21.650026932859,1.51459173300074,0.45945198710349494
7.143,24.33,36464001024,5633999872.0,3600999936,2.69,84726538240,78.05,0.61,0.32,-6.30839665888536,1.28884316888514,0.15450854853508245
4.286,26.09,33198999552,9409999872.0,4260000000,3.28,109753360384,53.63,1.9,1.19,5.92275774042626,1.30824953637783,0.2834422723269417
8.571,13.1,73494003712,7554999808.0,4304999936,6.12,53838094336,172.75,1.6,1.34,13.9913567184635,1.71746511442822,0.10279749947500043
2.857,24.62,170359996416,87979999232.0,66635001856,25.6,1584581050368,26.76,2.66,2.5,35.1805398033116,2.11110194004181,0.5164357894042373
7.143,15.15,17134156800,2446169088.0,674556032,2.24,9238097920,880.1,1.31,1.09,-17.0657233282949,2.61715227867025,0.1427656532243244
5.714,14.33,10683299840,1408199936.0,485300000,7.65,6855833600,35.47,2.01,0.95,-9.4325581876032,2.54714411544087,0.1318131997688085
8.571,26.11,6726499840,1260499968.0,784800000,2.9,20324534272,79.04,0.65,0.2,2.29220188790908,1.34188533392561,0.18739314621019898
8.571,38.15,815355008,410832000.0,216631008,5.75,8160127488,5.26,8.62,7.72,7.94646125634851,1.78405804486788,0.5038688619914627
8.571,31.52,6638000128,2168999936.0,1066000000,17.42,33102710784,63.93,2.25,0.89,-9.17612995355556,1.60264436611439,0.3267550307585652
8.571,27.51,25045999616,7417999872.0,4040999936,8.14,110612512768,157.13,1.14,0.5,10.8103906538977,1.00820240805917,0.29617503736050527
7.143,18.56,24512999424,5328000000.0,4419999744,8.03,80194347008,312.49,1.66,1.11,52.970117665598,1.97496952085868,0.2173540621382915
4.286,40.7,7448168960,2172233984.0,1509991936,1.52,59012358144,4.0,3.38,2.66,10.818709862721,1.59383389315666,0.291646711516061
7.143,9.59,20245999616,12382999552.0,10183999488,5.96,96266321920,74.58,0.57,0.47,37.2223409787503,1.2225880102656,0.6116269775197452
8.571,15.59,40289001472,1836999936.0,1176000000,20.69,17494675456,87.38,1.63,1.57,-8.39222557457015,2.78327514770883,0.04559556873795137
7.143,28.34,11064299520,1930700032.0,367800000,1.16,10430523392,40.48,1.12,0.38,15.236739621812,2.36774245452908,0.17449817121364408
5.714,21.59,137968992256,7942000128.0,2432000000,7.26,48146579456,139.33,1.19,0.7,-10.0118894187677,2.16164934688878,0.057563659762504486
5.714,18.98,2386768896,652257984.0,1827949952,37.5,34081941504,0.54,4.92,3.42,2.02614800487767,4.00664209160934,0.27328074582047845
7.143,11.58,63921999872,28795000832.0,17433999360,6.88,200028667904,71.99,1.41,0.83,-36.5604449252498,1.6034874645666,0.4504709003106955
8.571,24.65,3176999936,-3536999936.0,-3356999936,-8.73,9834849280,7.4,4.22,3.92,-79.7644619434236,4.24339311167913,-1.1133144498747638
8.571,14.85,63958999040,2949985920.0,13690999808,8.53,203211194368,417.03,2.12,1.69,32.6221403306432,2.0340894436537,0.0
7.143,38.87,2921989120,1691549952.0,1141773952,14.53,43728826368,74.58,0.84,0.76,17.78958172712,1.51890756000509,0.5789035764787516
7.143,34.18,270010007552,149172994048.0,96635002880,12.94,3292540960768,32.63,1.37,1.24,7.89230908736842,1.4998469186087,0.5524720931659226
8.571,34.2,10956000256,3220999936.0,2046000000,11.99,68510674944,393.31,1.2,0.95,15.7791780895973,1.26957088049363,0.2939941457409181
5.714,12.35,8785000448,2949985920.0,2491000064,14.95,29647304704,74.58,1.24,0.79,23.7615308498479,1.79045369023868,0.0
4.286,13.86,3450904064,974160000.0,545648000,2.02,6867525632,74.58,1.62,1.44,-8.46294243808382,2.47705091010228,0.28229124366640174
10.0,28.92,3830156032,1183522944.0,849217984,40.0,24051728384,74.58,1.01,0.61,-20.822498873578,1.89789481082654,0.30900123496587617
7.143,22.24,31323000832,14104000512.0,4672000000,4.18,103889313792,30.89,3.13,1.87,-24.0743761792834,3.97039764736984,0.45027615928775133
7.143,10.78,9415989248,2427109888.0,852609024,1.76,8473694720,1045.05,0.19,0.08,19.7285351634889,3.13115879322396,0.2577647259437482
8.571,36.49,7816000000,2736000000.0,1278000000,2.21,46292889600,84.59,0.98,0.21,34.8429273497008,1.38951578118432,0.3500511770726714
5.714,25.51,2672147968,801489024.0,452364000,7.86,11411364864,79.79,2.53,1.37,-25.7967548630749,1.62703914313824,0.29994185711200855
8.571,25.87,25269000192,13576999936.0,5511000064,2.67,142199865344,148.56,0.55,0.32,-4.77116776290531,1.75770839426947,0.5372986597347998
8.571,11.55,19669000192,9857000448.0,5005000192,4.39,56423530496,25.41,1.98,1.03,22.1354633608498,2.20325418427975,0.5011439499608705
4.286,52.44,40173326336,11453826048.0,9269773312,21.14,471745462272,72.51,1.2,1.01,79.7790998425988,1.98867808222685,0.28511022344037346
10.0,20.74,5932000256,2582500096.0,868099968,1.85,18061768704,136.35,0.52,0.34,37.3828250213846,1.12405922235204,0.4353506379889138
4.286,20.69,47817998336,5782000128.0,4508000256,3.01,91924660224,85.06,2.19,1.33,-31.5764746825888,2.36481977309699,0.12091681645417171
7.143,18.73,40368001024,6341000192.0,3711000064,25.34,68254978048,120.97,0.95,0.74,1.19903191209734,1.40795977071656,0.15707986601145008
10.0,136.79,11468999680,2110000000.0,1538000000,7.35,208659677184,23.66,1.12,0.96,38.0755066381124,2.49657471727084,0.18397419643140142
4.286,29.62,28130000896,3492000000.0,1058000000,4.99,30042918912,443.66,1.02,0.5,82.1893730380613,3.00743702855627,0.1241379270804272
5.714,16.2,12112000000,5993999872.0,3316000000,14.65,53515898880,122.31,0.78,0.65,5.0974393126841,1.78438735354204,0.4948810990752972
10.0,18.09,6508000256,1619000064.0,1136999936,5.4,20154777600,226.13,0.93,0.76,-7.95496668493354,2.25281147223197,0.24877074374841573
7.143,9.8,8577099776,2949985920.0,2148499968,10.71,20418813952,74.58,1.24,0.79,26.1998849302261,1.67957933546377,0.0
8.571,21.2,30427000832,3532999936.0,1328999936,5.67,27713212416,37.32,2.52,1.39,-29.6686309487993,2.39241147453977,0.11611397243872794
10.0,41.63,130497003520,83316998144.0,72879996928,2.94,2986315874304,12.95,4.44,3.67,35.4331366774541,3.68292162317721,0.6384590902214151
7.143,15.07,10742590464,2094114048.0,1587234944,484.78,21391529984,26.99,5.7,2.64,-3.18860069774768,1.59088394786884,0.19493566798601175
5.714,43.64,10252999680,1350000000.0,428000000,0.75,16833923072,32.39,1.73,0.92,25.3584048984023,1.43929121230145,0.131668783978739
5.714,37.45,10268000256,1383000064.0,467000000,0.82,16744252416,32.19,1.68,0.9,11.1623877006835,1.40575646218688,0.13469030283592545
10.0,22.53,12323000320,4268000000.0,2360999936,9.17,52238651392,121.16,2.08,1.31,-20.2747918379141,2.73922894187937,0.34634422536475273
4.286,50.82,5404987904,4864595968.0,968012032,1.1,50486685696,69.96,1.28,0.89,7.55775230457674,1.14295284348407,0.900019769590959
8.571,32.5,5729594880,1844806016.0,1148429056,5.33,36679680000,1.42,1.32,1.19,-4.10313317830893,2.25149408958814,0.32197843907595786
10.0,16.47,24960000000,6517000192.0,3031000064,5.12,52675219456,144.85,0.67,0.45,9.48739349464742,1.79404355023001,0.2610977641025641
5.714,10.57,15749000192,2527500032.0,1449699968,7.32,15155593216,129.05,1.01,0.8,-17.1319070516447,1.65868834786916,0.16048638016297004
7.143,31.28,6665299968,2004300032.0,633699968,1.44,18821539840,45.38,4.95,3.02,-37.7298496124335,3.40939039534317,0.30070665110686884
7.143,36.5,55782998016,22915999744.0,12160000000,4.25,436029718528,632.5,1.02,0.87,35.1091698540689,2.56473840804694,0.41080616960434974
7.143,32.55,16869163008,3715109888.0,2377926912,40.79,75703377920,74.58,0.71,0.08,31.1098436342878,1.27020546804759,0.22023083695605725
7.143,25.63,14174000128,2520999936.0,1535000064,3.82,38646693888,74.58,0.94,0.78,3.02375634830699,1.30202998372522,0.17786086589768654
7.143,19.35,27552999424,13674999808.0,2472999936,2.47,42933293056,74.03,1.01,0.72,-29.2492122597438,1.87475232882634,0.4963161940216357
8.571,107.78,8570500096,1365500032.0,1254499968,1.77,126308810752,15.22,0.84,0.73,26.2332534474514,2.22167481064823,0.1593255955550718
7.143,24.65,28720001024,2617999872.0,-5488999936,-8.26,8508213760,91.72,1.29,1.02,-6.24398564259768,2.10970640261967,0.09115598115098451
7.143,28.57,1883200000,579600000.0,502000000,8.92,14415030272,5.29,1.1,0.12,47.5220668141247,2.44326763414975,0.30777400169923536
8.571,31.33,5439499776,2427800064.0,1740000000,4.81,54284390400,20.98,1.39,0.6,23.3729862985328,1.40391174991424,0.4463278176261478
7.143,14.44,32361199616,4819500032.0,3471800064,6.59,49965596672,87.16,5.4,4.79,-7.28582524159286,1.84545183820948,0.14892834904726915
5.714,15.67,24540999680,9368999936.0,2350000128,1.09,37525389312,193.84,0.95,0.75,-4.08584150999836,1.54434328617821,0.3817692864254175
10.0,21.5,10752000000,3940999936.0,1828999936,3.66,39263657984,143.85,0.82,0.55,10.381978756494,1.40330993003686,0.3665364523809524
7.143,19.26,91522998272,17302999040.0,9370000384,6.79,179268698112,261.85,0.83,0.62,-25.3183640592395,1.19355908784955,0.18905629586758824
7.143,16.65,62464000000,23320999936.0,7866999808,1.38,130657755136,68.84,1.26,0.88,-13.7904911382638,1.44101587204114,0.37335104918032785
7.143,17.42,15770300416,1622974976.0,1086599936,4.67,18235695104,39.59,1.45,0.3,0.389461993298515,1.67945259385759,0.10291338358737832
8.571,25.35,83926999040,24187000832.0,15205999616,6.31,375020879872,64.97,0.71,0.44,-1.21789906003735,1.1790105648387,0.28819094103999077
7.143,18.61,78507999232,11571999744.0,8716000256,14.83,161768521728,23.81,0.33,0.26,32.5763668158304,1.51238978794124,0.1473989893667196
7.143,25.72,19793741824,5036259840.0,3392791040,25.97,85397233664,69.95,1.21,0.64,22.5423815498339,2.0058805037605,0.2544369773426828
8.571,7.44,17890439168,3852910080.0,2943085056,14.16,21114984448,17.8,6.99,0.58,-8.82529236657733,2.10596574617689,0.21536140302757714
4.286,19.7,8544799744,1764625024.0,856000000,9.56,16933010432,62.93,3.28,1.99,6.38762816845455,1.44470515344387,0.20651449733963478
7.143,27.69,8733704192,6193812992.0,3732992000,4.01,103027621888,56.64,0.62,0.32,6.62806846711001,1.7508082135123,0.7091851127352677
2.857,514.04,3115023872,435340992.0,570691008,0.23,279012147200,4.43,6.49,6.36,464.613182146962,4.40771390289041,0.13975526669735905
5.714,25.94,38385999872,16241000448.0,7574000128,6.35,256413319168,74.58,0.79,0.36,73.3618392481259,1.51364917572487,0.42309697551598013
8.571,12.34,21009000448,2949985920.0,5655000064,14.15,69067972608,74.58,1.24,0.79,14.5756034514523,1.63071865450644,0.0
10.0,25.13,4076000000,1037200000.0,647000000,3.87,16003542016,53.77,1.89,1.12,18.9846498520178,1.73809979645917,0.25446516192345436
7.143,17.87,5205483008,2023175040.0,587299968,5.05,10773371904,177.22,0.5,0.19,22.112559177724,1.10820226384367,0.38866230797232487
7.143,54.86,2071600000,389700000.0,418300000,5.79,22349723648,118.37,3.58,2.5,97.2674240592869,2.10445314175573,0.1881154663062367
8.571,29.74,5261668864,631843968.0,406884992,10.69,11939859456,108.75,1.79,0.49,-13.7145849104004,2.00175402173212,0.12008432767843598
10.0,20.15,15680000000,2651000064.0,1314000000,5.65,25845645312,111.01,1.35,0.91,-14.6804792976313,1.54055015264139,0.16906888163265307
7.143,25.9,8661999616,3295000064.0,992000000,1.34,25656158208,121.31,0.81,0.52,22.9624965188454,1.08666884508083,0.38039716117207456
10.0,16.89,60366000128,2821750016.0,2268999936,6.34,37917691904,148.07,1.0,0.88,-4.94297643779015,1.72822661641413,0.0467440282612193
5.714,30.06,4738937856,3343835904.0,1771705984,10.1,53160857600,97.46,0.55,0.55,13.7511488598121,1.46234671321366,0.7056087261761299
8.571,26.56,137772007424,3279000064.0,1846000000,4.44,48040898560,66.32,1.23,0.79,-15.9028092350584,1.99656916933845,0.02380019080297436
8.571,46.45,2346680064,739947008.0,440376992,3.64,20281012224,46.29,0.99,0.83,-5.604231707342,1.6349221427651,0.3153165271020089
7.143,53.95,24874309632,2173506048.0,930721984,6.19,49648893952,63.54,1.31,1.18,26.3865420059772,2.56440956563285,0.08737955264510555
7.143,16.21,31889000448,6371999744.0,4545999872,4.45,70158532608,66.04,1.3,0.27,12.806878075059,2.3153203153699,0.19981810826559276
7.143,15.55,42285998080,13351000064.0,11015000064,9.8,167272284160,52.74,2.73,1.84,-15.6423443884534,2.59656959464652,0.3157309906400109
5.714,19.72,16755999744,5942000128.0,3247000064,12.29,65820712960,247.1,0.18,0.08,73.5019002112219,2.67721349747407,0.3546192539259089
8.571,34.8,1522884992,956665984.0,386551008,2.11,13410007040,71.06,0.7,0.57,27.6976895284921,1.20969151005877,0.628193191886154
7.143,14.48,14085699584,4471000064.0,4499299840,39.32,61479587840,9.2,4.93,3.9,-41.6381677183179,1.76658244780773,0.31741412894242227
7.143,10.73,6661000192,2949985920.0,1896000000,2.07,19960739840,74.58,1.24,0.79,16.3133051867047,1.84426882123128,0.0
8.571,14.55,13566999552,2949985920.0,2180000000,10.38,30672162816,36.48,6.22,6.18,21.8563715274432,1.79282002986141,0.0
5.714,23.94,6949600256,1114700032.0,704600000,10.97,16208778240,105.69,1.76,1.23,61.0360396843551,2.36389553181639,0.16039771942819497
7.143,27.8,5021529088,1764669952.0,1313254016,8.92,36319510528,15.14,3.41,2.06,14.7042363909933,2.11599292662619,0.3514208363777181
8.571,37.92,7968200192,1588700032.0,903200000,7.93,33998788608,111.04,1.83,1.21,13.3905288117322,2.15994179961448,0.1993800348534215
5.714,55.96,3462863104,782566976.0,477232992,0.99,26849390592,67.2,0.87,0.68,20.56652245399,1.37596680921645,0.22598842417306256
7.143,41.23,7241299968,2872999936.0,1498400000,13.9,61623832576,38.79,0.46,0.36,10.4868653870567,1.30272897330047,0.39675195734137003
5.714,23.17,21129218048,3032374016.0,2090729984,6.32,48157736960,103.14,1.62,1.05,10.8539537061266,1.49043082076019,0.14351567621249625
7.143,36.31,16179000320,5038000128.0,2084000000,6.64,75118026752,115.99,0.66,0.59,29.1200918953464,1.0943304224022,0.3113913114750467
7.143,38.22,81738997760,13381999616.0,4600000000,3.41,173593346048,67.8,1.01,0.6,25.4523149672843,1.47566054180346,0.16371621848474205
8.571,40.21,2769868032,835348992.0,296044000,2.42,11471108096,43.54,3.58,2.71,-7.66555438818572,1.99969159674599,0.3015844012600236
8.571,30.45,2686020096,1788802944.0,815724992,7.57,24769832960,74.58,0.65,0.59,18.729762209744,1.63672160971016,0.6659678185818011
7.143,30.96,36347301888,6058200064.0,3129100032,2.75,96764461056,74.58,0.64,0.4,14.7980192966068,2.27474114845313,0.16667537201709337
5.714,25.88,20465000448,2949985920.0,6023000064,3.3,155097726976,121.99,0.54,0.54,15.9416297278263,1.85863304887303,0.0
7.143,33.78,23036899328,4433699840.0,2680100096,10.59,89568559104,329.97,0.77,0.39,14.0536520551209,1.48651873485255,0.19246078983429415
8.571,24.65,8787999744,2212000000.0,-256700000,-2.4,11869752320,115.62,0.6,0.21,-0.0343210041813569,1.5733682262453,0.25170688034102884
8.571,12.13,36072001536,8221000192.0,4190000128,2.95,48323973120,68.14,1.24,0.83,-24.7141365670492,2.09580925483153,0.22790529612822868
2.857,18.15,21569720320,1364608000.0,1150944000,1.84,19926784000,39.07,6.66,3.63,-57.2602056649881,6.97387918471972,0.06326498349330474
5.714,17.0,5069700096,1449900032.0,1020899968,19.1,16978888704,23.48,4.14,3.02,19.0355095971097,1.49855790605232,0.2859932549351337
8.571,60.53,6071761920,1445152000.0,1299943040,8.31,77773856768,7.15,2.68,2.35,-9.76156770523192,2.55310920956176,0.23801196737305536
7.143,21.08,27853000704,13374999552.0,4606000128,4.17,96703397888,188.38,0.86,0.48,15.6120532917042,1.15483145683475,0.48019959120882805
7.143,27.07,8307999744,1416000000.0,379000000,2.17,12927649792,242.58,1.19,0.64,18.3481140267036,1.98079806572433,0.17043813717286507
5.714,23.49,5963798016,4423502848.0,2367558912,7.27,64383909888,688.57,0.45,0.36,22.1042511687108,1.57064315504016,0.7417257989174663
8.571,40.37,14494000128,7144000000.0,3951000064,12.74,157714808832,31.88,0.9,0.77,21.0533968251778,1.25950193738117,0.4928936067965792
7.143,17.01,13347000320,5400000000.0,2921999872,4.55,49014079488,99.69,0.57,0.44,0.619893779171111,1.76661948413347,0.40458529036732654
10.0,37.22,5398370816,1421453056.0,616590016,6.21,22708707328,36.09,2.13,1.2,0.372909523916809,1.29383164645864,0.2633114886785873
8.571,17.97,17215582208,1964616960.0,1170243968,7.61,20499912704,47.5,2.74,1.29,2.9938972686005,2.31382104026962,0.11411853147127675
8.571,10.83,13086000128,2949985920.0,2662000128,8.88,27421675520,74.58,1.24,0.79,30.6384084693314,1.66805497023223,0.0
8.571,14.62,8540000256,1891000064.0,1494000000,6.95,21559123968,74.58,1.36,0.65,12.257272048617,2.31892608680947,0.22142857228504514
7.143,24.65,10208700416,3956999936.0,-81400000,-0.46,33576996864,169.78,0.92,0.26,-25.6600701853327,1.75556351384273,0.3876105453930484
7.143,54.1,25834999808,3575000064.0,512000000,0.82,23154989056,79.48,1.43,0.72,-1.95472401825581,2.45785256232585,0.13837817265603286
5.714,30.41,15240800256,1566099968.0,357200000,2.36,11103751168,81.6,1.1,0.3,-17.4848024656044,2.32321088151627,0.10275706929388158
5.714,22.43,3952199936,895699968.0,412100000,2.56,11196385280,20.36,4.95,3.06,-19.8180715615734,2.93661430302572,0.22663326312042123
8.571,8.24,8705000448,2949985920.0,2880999936,7.3,22900324352,74.58,1.24,0.79,36.5660122016398,2.60887063611052,0.0
7.143,52.39,23217999872,6176999936.0,2859000064,7.39,148354547712,82.92,1.64,0.8,20.7124520343435,1.33223349193811,0.266043585582461
7.143,18.37,80787996672,4435999744.0,1908999936,3.87,34461016064,751.1,1.26,0.72,-3.28555238164533,1.35811144976346,0.05490914401566608
5.714,16.48,122934001664,44259000320.0,11745999872,1.63,193237827584,119.25,0.7,0.44,63.703507769367,1.46526983543433,0.36002244880116685
10.0,10.21,11626999808,2476699904.0,1122400000,5.35,11077529600,47.23,0.94,0.6,-4.09925129310772,1.61185511036768,0.21301281026046784
4.286,47.47,8387999744,4256999936.0,1720000000,29.67,78890065920,74.58,3.09,2.0,15.8035713836406,1.73984992689495,0.5075107374729075
7.143,28.03,5769800192,1393299968.0,829299968,17.46,22963398656,29.85,2.18,1.29,25.3901997362254,1.43331467709448,0.24148149357612972
7.143,64.14,1208770048,288959008.0,131643000,0.83,8416605184,20.99,3.71,2.23,-34.8333876055869,2.36975861987465,0.2390520914032443
7.143,34.66,16026000384,3848000000.0,1390000000,4.6,47275524096,46.48,1.51,0.96,9.69555392650851,1.61060076325365,0.240109815786711
7.143,23.6,2905741056,723016000.0,577070976,3.53,13362985984,2.46,2.7,1.49,-33.0137739505419,3.25534561063722,0.24882327298472118
7.143,24.65,11530999808,2949985920.0,-264000000,-0.19,53795905536,74.58,1.24,0.79,10.0317654094523,1.86873596758295,0.0
8.571,11.28,106566000640,8720000000.0,4091000064,8.86,45404196864,135.52,0.94,0.3,-35.9794100243598,2.36266868565225,0.08182722395164102
7.143,30.54,56360001536,7406000128.0,4864000000,4.27,145266507776,152.25,1.18,0.54,33.5286046909129,1.12787357556823,0.131405250641617
4.286,8053.5,2850693120,730153024.0,171656000,1.96,13135870976,30.11,1.25,0.81,62.4969635393816,1.89966324347319,0.25613175226662066
4.286,25.13,42898001920,10826000384.0,6513999872,17.05,161775058944,69.23,1.78,1.2,-27.2394223600006,1.49500053841689,0.25236607532885297
7.143,23.2,82691997696,31601999872.0,11918000128,10.25,270044069888,199.15,1.16,0.9,47.6487957091514,1.53547817412697,0.3821651520402035
5.714,67.0,727664000,591700992.0,460195008,20.04,30416703488,0.11,7.8,7.69,122.846033094096,3.32103984056974,0.8131513885529585
8.571,23.81,6878600192,1542200064.0,859600000,3.8,16958668800,274.98,1.76,0.98,103.414279099972,2.54739222331947,0.2242026024122787
8.571,30.31,16380600320,4060000000.0,1195299968,5.43,35698327552,630.03,0.65,0.49,48.6008990650062,2.05125104073839,0.24785416411405367
8.571,11.57,3570599936,683200000.0,1513900032,6.13,16915464192,25.67,0.84,0.54,24.2376405248932,1.99716135239195,0.19134039440032075
8.571,10.97,7107299840,2832999936.0,1964400000,8.81,21300150272,4.48,3.89,3.89,-10.0817145386086,1.65946552225266,0.39860425193486704
7.143,14.49,47004999680,6377999872.0,4238000128,18.36,60275961856,28.5,0.32,0.19,25.0125854839555,1.62277363862279,0.1356876909992567
10.0,26.11,14955348992,1916492032.0,1082441984,2.01,27901814784,257.39,1.41,0.09,-2.25194615108141,1.83111941219464,0.12814759675786774
5.714,182.96,95724003328,12549999616.0,6106999808,1.74,1025392640000,17.41,2.0,1.38,85.2056589876789,4.49263513523679,0.13110608812501504
5.714,21.76,53615001600,3489999872.0,914000000,2.57,19920603136,48.93,1.67,0.62,-3.18041010985939,1.35887002390044,0.06509371944138859
10.0,34.13,20311199744,3934000128.0,2764699904,12.14,92409733120,63.47,1.09,0.7,28.1140438073618,1.71318961739658,0.19368625081647958
7.143,24.65,5450500096,354500000.0,-3655699968,-21.36,39849267200,71.97,0.83,0.67,56.8461296046272,1.78302130200038,0.06503990345035672
10.0,35.75,16049000448,7097999872.0,4848000000,5.27,171156111360,78.31,5.26,3.24,3.25147712880697,2.21816847304073,0.44227052613015166
7.143,17.03,13873000448,1523000064.0,831000000,4.44,13651457024,56.37,1.8,0.64,-13.8715440130262,1.65015344019781,0.10978159120722607
7.143,84.92,2190608896,430240000.0,289908000,6.61,24316911616,18.22,0.94,0.88,17.2084821231759,1.5624660320544,0.19640201442877733
5.714,7.18,57736998912,8504000000.0,3660000000,10.99,25788772352,260.98,0.78,0.68,45.1490726148641,3.16027686718976,0.14728856989885106
7.143,15.1,45380001792,4576000000.0,12286000128,5.71,180287520768,43.54,1.02,0.79,30.5816471796604,2.73251539098732,0.10083736931025637
4.286,118.31,1705219968,1002488000.0,118346000,0.36,16056259584,136.54,0.54,0.0,13.4303342557341,1.3077794214752,0.5878936552542177
1.429,10.85,16084073472,2343207936.0,1196937984,17.8,12593901568,73.98,1.32,1.09,8.58972344113945,2.04064800422887,0.1456849808650265
8.571,16.35,11295653888,1831708032.0,1201117952,25.33,18703419392,77.29,1.7,0.52,2.55223234396475,2.39853125449878,0.1621604247228153
7.143,15.84,410057015296,36238000128.0,22105999360,23.9,343338844160,77.28,0.85,0.77,-24.8567987829926,2.05821339925782,0.08837307685576741
8.571,20.73,24245999616,12179000320.0,6732000256,11.1,137491169280,211.38,0.73,0.55,-4.22793951881619,1.38940900824002,0.5023096804787147
5.714,14.74,90909999104,11656999936.0,5856000000,6.85,85546917888,163.18,1.09,0.96,-30.3048780873266,1.90042195222649,0.12822571830260965
8.571,18.29,15578999808,4524000256.0,2551000064,38.53,45855166464,159.21,0.85,0.75,1.93237145266193,2.35558695806458,0.29039093085275425
7.143,10.91,25355999232,2949985920.0,6303000064,4.04,68662378496,74.58,1.24,0.79,11.1962016123839,1.80633913414419,0.0
8.571,35.67,37620998144,26225000448.0,19641999360,9.94,679181680640,54.59,1.08,0.68,27.8446100781137,1.31382647299559,0.6970841216817237
7.143,12.65,3881927936,3498725888.0,2632400896,2.5,33429020672,65.74,21.5,21.5,12.9151717322027,1.22016697286173,0.9012856358186655
8.571,44.14,122355998720,5161999872.0,924000000,2.94,40649445376,41.25,1.56,1.05,-14.2981220952932,2.24932078498384,0.04218836776293039
10.0,28.4,5279000064,1314000000.0,874000000,3.5,24639862784,121.87,2.19,1.77,4.10356772053621,1.30951881305488,0.24891077553887297
7.143,38.47,7506599936,2132999936.0,944899968,7.12,36080906240,67.82,2.42,1.39,1.89384175814967,1.6736016466694,0.2841499419425034
7.143,45.32,2930700032,1404899968.0,964099968,6.78,42241695744,3178.84,1.27,1.2,23.2520980480814,1.25904280042698,0.4793735123554262
7.143,34.09,1575399936,1106499968.0,790899968,8.19,26217349120,74.58,0.56,0.5,63.19188295548,1.29690425095547,0.7023613132862283
8.571,24.65,11099700224,4584399872.0,-988899968,-3.82,112751853568,10.0,2.65,2.12,2.12593091995099,1.63460647182424,0.4130201518494631
4.286,23.03,18102999040,6792000000.0,2233999872,6.31,49435017216,311.89,0.86,0.26,62.5196348697027,4.69553804802476,0.3751864530839637
5.714,198.33,5055948800,1928465024.0,142332992,0.33,29537452032,108.9,0.63,0.41,41.7406466942553,1.34693280151427,0.3814249511387457
5.714,24.65,14739300352,4483200000.0,-634200000,-0.53,10785396736,76.77,1.65,0.8,-16.4196918900415,2.11560137508843,0.30416640498079456
7.143,10.2,135292002304,49336999936.0,17782999040,4.2,180645249024,169.09,0.61,0.47,12.8084941535049,1.42306018503558,0.36467048381130596
7.143,31.31,10499999744,2184999936.0,1103000064,6.39,34238889984,41.41,1.34,0.67,21.9140434617435,1.62724072068048,0.20809523707356006
10.0,33.21,2983252992,1037862976.0,657019008,11.01,21780627456,78.58,1.81,1.14,4.78842366066424,2.21182654045657,0.3478963999309382
7.143,24.65,151946002432,1326000000.0,-5778999808,-6.69,9775862784,428.71,0.61,0.27,-33.2639671816508,3.89307469249249,0.008726784375873405
5.714,24.65,39321001984,7671000064.0,-11310999552,-4.62,23266465792,123.09,0.89,0.58,12.2314988607689,3.468795471893,0.19508658673350657
10.0,135.13,8446000128,825000000.0,526000000,1.94,70484180992,37.22,1.9,1.81,6.64967128574194,2.17021027179276,0.09767937337165998
10.0,16.03,15605000192,2289999872.0,1062000000,2.92,16330980352,74.58,1.56,0.95,-12.7382939802245,2.91673292140564,0.1467478272236089
7.143,20.53,9069200384,3586299904.0,1629100032,5.13,33617575936,152.77,0.5,0.32,27.4515204875071,1.07830449588792,0.3954372769540958
8.571,83.09,8554464256,3153949952.0,1082491008,1.76,95630671872,49.2,1.83,1.59,49.2390699569162,1.31412121826472,0.36869052901680627
4.286,13.43,77254000640,2949985920.0,18908999680,5.56,243005915136,74.58,1.24,0.79,24.8284594239358,2.1085498153629,0.0
7.143,33.84,22922000384,6732000256.0,2675000064,6.63,90421075968,275.54,0.83,0.71,8.12771958752107,1.24387016537831,0.2936916561915367
8.571,30.54,11082999808,5696999936.0,2280999936,1.86,69357764608,184.4,0.4,0.24,49.0281066973422,1.62663881379737,0.5140305002881761
5.714,39.93,680984969216,42221998080.0,19435999232,2.41,769925644288,63.58,0.82,0.2,60.930642509363,1.43240834453783,0.062001365652180354
4.286,16.58,13929377792,2400033024.0,1731214976,4.31,27106883584,34.34,0.38,0.22,39.7085136607277,1.49550879274944,0.17230008833405328
10.0,19.78,7711541248,1663885952.0,1125250944,8.78,21499211776,62.89,1.44,0.7,12.0292253944716,3.27794617873258,0.2157656813975457
8.571,34.3,2895800064,756499968.0,467200000,6.37,15696782336,11.46,2.77,1.85,-38.8221136385582,3.10716924736447,0.2612404003317268
8.571,24.65,9811999744,2556000000.0,-53000000,-0.46,30268450816,72.17,1.16,0.29,21.7802182859113,1.21834299189836,0.2604973569799555
8.571,54.73,7090999808,1142000000.0,365000000,0.49,19462496256,53.8,2.04,1.1,-11.7575746926414,1.6168695989599,0.16104922167838817
4.286,25.47,6965449216,1680557952.0,429608992,3.74,9959290880,74.58,1.08,1.0,-1.68604294067899,2.38795768015115,0.24127057708491662
8.571,20.15,13697999872,5358000128.0,1931000064,3.4,39513899008,163.56,0.8,0.52,27.1255094544871,1.22560613366351,0.3911520059911999
5.714,14.45,341088010240,64872001536.0,33173000192,7.54,469578383360,13.92,1.24,0.86,-4.47135519578629,1.45264367452823,0.19019138635319977
10.0,34.05,8597999616,1727000064.0,906000000,3.71,30740099072,19.32,1.89,1.3,-9.57912635722662,1.56641274916173,0.200860681685334
5.714,29.23,7737999872,2747000064.0,1424999936,5.02,40869584896,74.58,1.4,1.11,9.70719735117107,1.32729099220592,0.3550013064668089
8.571,21.73,7698500096,2554400000.0,913400000,4.5,19347556352,59.06,2.44,1.27,-17.5038166661517,1.49819822782044,0.3318048929202741
7.143,28.13,5113999872,963000000.0,549000000,10.56,15122542592,65.11,1.45,0.96,-5.89557116544699,2.12353227924553,0.18830661402097118
10.0,29.18,9285999616,3867000064.0,2518000128,5.57,72357429248,145.63,1.74,0.92,-2.12375944797967,1.52498371064693,0.4164333646252867
